﻿<?xml version="1.0" encoding="UTF-8"?>
<beans xmlns="http://www.springframework.org/schema/beans"
    xmlns:xsi="http://www.w3.org/2001/XMLSchema-instance"
    xmlns:jee="http://www.springframework.org/schema/jee"
    xmlns:tx="http://www.springframework.org/schema/tx"
    xmlns:context="http://www.springframework.org/schema/context"
    xmlns:aop="http://www.springframework.org/schema/aop"
    xsi:schemaLocation="
http://www.springframework.org/schema/beans http://www.springframework.org/schema/beans/spring-beans-2.5.xsd 
http://www.springframework.org/schema/tx http://www.springframework.org/schema/tx/spring-tx-2.5.xsd 
http://www.springframework.org/schema/jee http://www.springframework.org/schema/jee/spring-jee-2.5.xsd 
http://www.springframework.org/schema/context http://www.springframework.org/schema/context/spring-context-2.5.xsd 
http://www.springframework.org/schema/aop http://www.springframework.org/schema/aop/spring-aop-2.0.xsd">

    <!-- 加载配置文件 -->
    <bean id="propertyConfigurer"
        class="org.springframework.beans.factory.config.PropertyPlaceholderConfigurer">
        <property name="locations">
            <list>
                <value>classpath:db.properties</value>
            </list>
        </property>
    </bean>
    
    <!-- 配置数据源 -->
    <bean id="dataSource"  class="com.mchange.v2.c3p0.ComboPooledDataSource" destroy-method="close">
        <property name="driverClass" value="com.mysql.jdbc.Driver" />
        <property name="jdbcUrl">
            <value><![CDATA[jdbc:mysql://${db.host}:${db.port}/${db.database}?useUnicode=true&characterEncoding=utf8&zeroDateTimeBehavior=convertToNull]]></value>
        </property>
        <property name="user"               value="${db.userName}" />
        <property name="password"           value="${db.password}" />
        <property name="maxPoolSize"        value="20" />
        <property name="minPoolSize"        value="5" />
        <property name="maxStatements"      value="200" />
        <property name="initialPoolSize"    value="5" />
        <property name="maxIdleTime"        value="60"/>
        <property name="idleConnectionTestPeriod"   value="30" />
        <property name="testConnectionOnCheckin"    value="false" />
        <property name="testConnectionOnCheckout"   value="false" />
        <property name="preferredTestQuery"         value="SELECT 1 FROM DUAL" />
    </bean>   

    <!-- 配置ibatis -->
    <bean id="sqlMapClient"
        class="org.springframework.orm.ibatis.SqlMapClientFactoryBean">
        <property name="configLocation"
            value="classpath:sqlMapConfig.xml" />
        <property name="dataSource" ref="dataSource" />
    </bean>

    <bean id="sqlMapClientTemplate"
        class="org.springframework.orm.ibatis.SqlMapClientTemplate">
        <property name="sqlMapClient" ref="sqlMapClient" />
    </bean>

    <!-- 事务的配置 -->
    <bean id="txManager"
        class="org.springframework.jdbc.datasource.DataSourceTransactionManager">
        <property name="dataSource" ref="dataSource" />
    </bean>

    <tx:advice id="txAdvice" transaction-manager="txManager">
        <tx:attributes>
            <tx:method name="find*" propagation="SUPPORTS" read-only="true" timeout="50"/>
            <tx:method name="add*"  propagation="REQUIRED" timeout="20" />
            <tx:method name="update*" propagation="REQUIRED" timeout="20" />
            <tx:method name="delete*" propagation="REQUIRED" timeout="20" />
            <tx:method name="*" />
        </tx:attributes>
    </tx:advice>

    <aop:config>
        <aop:pointcut id="serviceTransaction"
            expression="execution(* com.dreamoe.testsae.service.*.*(..))" />
        <aop:advisor advice-ref="txAdvice"
            pointcut-ref="serviceTransaction" />
    </aop:config>
</beans>
